{
  "FoxNews": {
    "precision": 0.8730268265332528,
    "recall": 0.8244542196155099,
    "f1-score": 0.8480455821358247,
    "support": 12276.0
  },
  "NBC": {
    "precision": 0.7214682693550472,
    "recall": 0.7913240714488233,
    "f1-score": 0.7547833141775404,
    "support": 7054.0
  },
  "accuracy": 0.8123642007242629,
  "macro avg": {
    "precision": 0.79724754794415,
    "recall": 0.8078891455321666,
    "f1-score": 0.8014144481566825,
    "support": 19330.0
  },
  "weighted avg": {
    "precision": 0.817719322015143,
    "recall": 0.8123642007242629,
    "f1-score": 0.8140118502073334,
    "support": 19330.0
  }
}