{
  "accuracy": 0.8123642007242629,
  "f1_macro": 0.8014144481566825,
  "f1_foxnews": 0.8480455821358247,
  "f1_nbc": 0.7547833141775404,
  "precision_macro": 0.79724754794415,
  "recall_macro": 0.8078891455321666,
  "roc_auc": 0.8908818121676073
}