{
  "FoxNews": {
    "precision": 0.8694408322496749,
    "recall": 0.8169599217986315,
    "f1-score": 0.8423837722061233,
    "support": 12276.0
  },
  "NBC": {
    "precision": 0.7117382937780629,
    "recall": 0.7865041111426141,
    "f1-score": 0.7472557074550474,
    "support": 7054.0
  },
  "accuracy": 0.8058458354888773,
  "macro avg": {
    "precision": 0.7905895630138688,
    "recall": 0.8017320164706228,
    "f1-score": 0.7948197398305854,
    "support": 19330.0
  },
  "weighted avg": {
    "precision": 0.8118912354375305,
    "recall": 0.8058458354888773,
    "f1-score": 0.8076691644071534,
    "support": 19330.0
  }
}