{
  "accuracy": 0.8058458354888773,
  "f1_macro": 0.7948197398305854,
  "f1_foxnews": 0.8423837722061233,
  "f1_nbc": 0.7472557074550474,
  "precision_macro": 0.7905895630138688,
  "recall_macro": 0.8017320164706228,
  "roc_auc": 0.8862336518093489
}