{
  "FoxNews": {
    "precision": 0.8730423192269243,
    "recall": 0.8536982730531117,
    "f1-score": 0.8632619439868204,
    "support": 12276.0
  },
  "NBC": {
    "precision": 0.7548457548457549,
    "recall": 0.7839523674510915,
    "f1-score": 0.7691237830319889,
    "support": 7054.0
  },
  "accuracy": 0.8282462493533368,
  "macro avg": {
    "precision": 0.8139440370363396,
    "recall": 0.8188253202521016,
    "f1-score": 0.8161928635094047,
    "support": 19330.0
  },
  "weighted avg": {
    "precision": 0.8299094394987935,
    "recall": 0.8282462493533368,
    "f1-score": 0.8289085768178923,
    "support": 19330.0
  }
}