{
  "accuracy": 0.8282462493533368,
  "f1_macro": 0.8161928635094047,
  "f1_foxnews": 0.8632619439868204,
  "f1_nbc": 0.7691237830319889,
  "precision_macro": 0.8139440370363396,
  "recall_macro": 0.8188253202521016,
  "roc_auc": 0.9084994770592968
}