{
  "FoxNews": {
    "precision": 0.8792608539648368,
    "recall": 0.7984685565330727,
    "f1-score": 0.8369193989071039,
    "support": 12276.0
  },
  "NBC": {
    "precision": 0.6976289415790761,
    "recall": 0.8091862772894811,
    "f1-score": 0.7492780257285376,
    "support": 7054.0
  },
  "accuracy": 0.8023797206414899,
  "macro avg": {
    "precision": 0.7884448977719565,
    "recall": 0.8038274169112769,
    "f1-score": 0.7930987123178208,
    "support": 19330.0
  },
  "weighted avg": {
    "precision": 0.8129788306865566,
    "recall": 0.8023797206414899,
    "f1-score": 0.8049368719334047,
    "support": 19330.0
  }
}