{
  "accuracy": 0.8023797206414899,
  "f1_macro": 0.7930987123178208,
  "f1_foxnews": 0.8369193989071039,
  "f1_nbc": 0.7492780257285376,
  "precision_macro": 0.7884448977719565,
  "recall_macro": 0.8038274169112769,
  "roc_auc": 0.8869154009339857
}