{
  "model": "baseline",
  "text_column": "headline_minimal",
  "vectorizer": "TfidfVectorizer(stop_words='english', max_features=100)",
  "classifier": "LogisticRegression(max_iter=100)",
  "label_encoding": {
    "FoxNews": 0,
    "NBC": 1
  },
  "train_size": 90202,
  "test_size": 19330,
  "metrics": {
    "accuracy": 0.7049663735126745,
    "f1_macro": 0.6480915901358619,
    "f1_weighted": 0.6863106248538796,
    "f1_foxnews": 0.7895649607025571,
    "f1_nbc": 0.5066182195691669,
    "precision_macro": 0.6858154233725691,
    "recall_macro": 0.6433108003676521,
    "classification_report": {
      "FoxNews": {
        "precision": 0.7216863406408095,
        "recall": 0.8715379602476376,
        "f1-score": 0.7895649607025571,
        "support": 12276.0
      },
      "NBC": {
        "precision": 0.6499445061043285,
        "recall": 0.41508364048766655,
        "f1-score": 0.5066182195691669,
        "support": 7054.0
      },
      "accuracy": 0.7049663735126745,
      "macro avg": {
        "precision": 0.6858154233725691,
        "recall": 0.6433108003676521,
        "f1-score": 0.6480915901358619,
        "support": 19330.0
      },
      "weighted avg": {
        "precision": 0.6955059526004403,
        "recall": 0.7049663735126745,
        "f1-score": 0.6863106248538796,
        "support": 19330.0
      }
    },
    "confusion_matrix": [
      [
        10699,
        1577
      ],
      [
        4126,
        2928
      ]
    ]
  }
}