{
  "accuracy": 0.8420072426280393,
  "f1_macro": 0.8293728013623858,
  "f1_weighted": 0.8419159671968426,
  "f1_foxnews": 0.8758031720211468,
  "f1_nbc": 0.7829424307036247,
  "precision_macro": 0.8297572786136387,
  "precision_foxnews": 0.874451843430242,
  "precision_nbc": 0.7850627137970353,
  "recall_macro": 0.828996126608097,
  "recall_foxnews": 0.8771586836102965,
  "recall_nbc": 0.7808335696058973,
  "confusion_matrix": [
    [
      10768,
      1508
    ],
    [
      1546,
      5508
    ]
  ],
  "classification_report": {
    "FoxNews": {
      "precision": 0.874451843430242,
      "recall": 0.8771586836102965,
      "f1-score": 0.8758031720211468,
      "support": 12276.0
    },
    "NBC": {
      "precision": 0.7850627137970353,
      "recall": 0.7808335696058973,
      "f1-score": 0.7829424307036247,
      "support": 7054.0
    },
    "accuracy": 0.8420072426280393,
    "macro avg": {
      "precision": 0.8297572786136387,
      "recall": 0.828996126608097,
      "f1-score": 0.8293728013623858,
      "support": 19330.0
    },
    "weighted avg": {
      "precision": 0.8418315164549373,
      "recall": 0.8420072426280393,
      "f1-score": 0.8419159671968426,
      "support": 19330.0
    }
  }
}