{
  "run_name": "distilbert",
  "model_name": "distilbert-base-uncased",
  "text_col": "headline_minimal",
  "seed": 42,
  "epochs": 1,
  "batch_size": 16,
  "learning_rate": 2e-05,
  "max_length": 96,
  "device": "cpu",
  "max_train_samples": 10000,
  "max_val_samples": 3000,
  "max_test_samples": 3000,
  "val_metrics": {
    "accuracy": 0.819,
    "f1_macro": 0.8089828707236172,
    "f1_foxnews": 0.8527257933279089,
    "f1_nbc": 0.7652399481193255,
    "precision_macro": 0.8041337228537075,
    "recall_macro": 0.8174816273596235
  },
  "test_metrics": {
    "accuracy": 0.801,
    "f1_macro": 0.7908462598558299,
    "f1_foxnews": 0.8369298006009287,
    "f1_nbc": 0.7447627191107311,
    "precision_macro": 0.7866259132249889,
    "recall_macro": 0.7984830764997248
  }
}