{
  "model": "modernbert_base",
  "hf_model_id": "answerdotai/ModernBERT-base",
  "text_column": "headline_minimal",
  "train_size": 13996,
  "val_size": 3000,
  "test_size": 3000,
  "device": "cuda",
  "metrics": {
    "split": "test",
    "size": 3000,
    "accuracy": 0.8186666666666667,
    "f1_macro": 0.8180825093912676,
    "f1_weighted": 0.8186116871583938,
    "f1_foxnews": 0.828391167192429,
    "f1_nbc": 0.8077738515901061,
    "precision_macro": 0.8182988742057804,
    "recall_macro": 0.8179130695953916,
    "confusion_matrix": [
      [
        1313,
        264
      ],
      [
        280,
        1143
      ]
    ],
    "classification_report": {
      "FoxNews": {
        "precision": 0.8242310106716887,
        "recall": 0.8325935320228282,
        "f1-score": 0.828391167192429,
        "support": 1577.0
      },
      "NBC": {
        "precision": 0.8123667377398721,
        "recall": 0.803232607167955,
        "f1-score": 0.8077738515901061,
        "support": 1423.0
      },
      "accuracy": 0.8186666666666667,
      "macro avg": {
        "precision": 0.8182988742057804,
        "recall": 0.8179130695953916,
        "f1-score": 0.8180825093912676,
        "support": 3000.0
      },
      "weighted avg": {
        "precision": 0.8186033905443637,
        "recall": 0.8186666666666667,
        "f1-score": 0.8186116871583938,
        "support": 3000.0
      }
    }
  }
}