{
  "run_name": "distilbert_20k_cuda",
  "model_name": "distilbert-base-uncased",
  "text_col": "headline_minimal",
  "seed": 42,
  "epochs": 2,
  "batch_size": 16,
  "learning_rate": 2e-05,
  "max_length": 96,
  "device": "cuda",
  "max_train_samples": 0,
  "max_val_samples": 0,
  "max_test_samples": 0,
  "val_metrics": {
    "accuracy": 0.8186666666666667,
    "f1_macro": 0.8186121697007633,
    "f1_foxnews": 0.8154681139755766,
    "f1_nbc": 0.8217562254259502,
    "precision_macro": 0.8232648669560066,
    "recall_macro": 0.8217217726177113
  },
  "test_metrics": {
    "accuracy": 0.8263912029323559,
    "f1_macro": 0.8263908944996022,
    "f1_foxnews": 0.8261594928261595,
    "f1_nbc": 0.826622296173045,
    "precision_macro": 0.8287048667717882,
    "recall_macro": 0.8286129437917251
  }
}