{
  "model": "HYB_word12_char36_mf5000_style_LR",
  "text_column": "headline_minimal",
  "train_size": 109531,
  "test_size": 19330,
  "metrics": {
    "accuracy": 0.8418003103983446,
    "f1_macro": 0.8292115664584064,
    "f1_weighted": 0.8417379423833983,
    "f1_foxnews": 0.8755797868012043,
    "f1_nbc": 0.7828433461156086,
    "precision_macro": 0.82947296676221,
    "recall_macro": 0.8289538146494164,
    "confusion_matrix": [
      [
        10760,
        1516
      ],
      [
        1542,
        5512
      ]
    ]
  }
}