{
  "model": "modernbert_base",
  "hf_model_id": "answerdotai/ModernBERT-base",
  "text_column": "headline_minimal",
  "train_size": 90202,
  "val_size": 19329,
  "test_size": 19330,
  "device": "mps",
  "metrics": {
    "split": "test",
    "size": 19330,
    "accuracy": 0.8956026901189861,
    "f1_macro": 0.8872061166579241,
    "f1_weighted": 0.8955199025156536,
    "f1_foxnews": 0.917980816127459,
    "f1_nbc": 0.8564314171883893,
    "precision_macro": 0.8878281578397643,
    "recall_macro": 0.8865998973796425,
    "confusion_matrix": [
      [
        11293,
        983
      ],
      [
        1035,
        6019
      ]
    ],
    "classification_report": {
      "FoxNews": {
        "precision": 0.9160447761194029,
        "recall": 0.9199250570218312,
        "f1-score": 0.917980816127459,
        "support": 12276.0
      },
      "NBC": {
        "precision": 0.8596115395601257,
        "recall": 0.8532747377374539,
        "f1-score": 0.8564314171883893,
        "support": 7054.0
      },
      "accuracy": 0.8956026901189861,
      "macro avg": {
        "precision": 0.8878281578397643,
        "recall": 0.8865998973796425,
        "f1-score": 0.8872061166579241,
        "support": 19330.0
      },
      "weighted avg": {
        "precision": 0.8954508779978746,
        "recall": 0.8956026901189861,
        "f1-score": 0.8955199025156536,
        "support": 19330.0
      }
    }
  }
}