{
  "model": "Stack_4base_style_HGB_meta",
  "text_column": "headline_minimal",
  "train_size": 16999,
  "test_size": 3001,
  "metrics": {
    "accuracy": 0.7957347550816395,
    "f1_macro": 0.7955426023810739,
    "f1_weighted": 0.7958621606765797,
    "f1_foxnews": 0.8018105399288716,
    "f1_nbc": 0.789274664833276,
    "precision_macro": 0.7955029627852847,
    "recall_macro": 0.7962414412232015,
    "confusion_matrix": [
      [
        1240,
        337
      ],
      [
        276,
        1148
      ]
    ]
  }
}