{
  "model": "TUNE_HYB_word12_char36_wmf10000_cmf10000_C0.5_none",
  "text_column": "headline_minimal",
  "train_size": 109531,
  "test_size": 19330,
  "metrics": {
    "accuracy": 0.8481634764614588,
    "f1_macro": 0.835936397287685,
    "f1_weighted": 0.8480360386455488,
    "f1_foxnews": 0.8807249969520868,
    "f1_nbc": 0.7911477976232832,
    "precision_macro": 0.8365085844892123,
    "recall_macro": 0.8353807286396437,
    "confusion_matrix": [
      [
        10836,
        1440
      ],
      [
        1495,
        5559
      ]
    ]
  }
}