{
  "run_name": "distilbert",
  "model_name": "distilbert-base-uncased",
  "text_col": "headline_minimal",
  "seed": 42,
  "epochs": 2,
  "batch_size": 16,
  "learning_rate": 2e-05,
  "max_length": 96,
  "device": "cpu",
  "max_train_samples": 0,
  "max_val_samples": 0,
  "max_test_samples": 0,
  "val_metrics": {
    "accuracy": 0.804,
    "f1_macro": 0.8038312076524512,
    "f1_foxnews": 0.8095854922279793,
    "f1_nbc": 0.7980769230769231,
    "precision_macro": 0.8038401706742522,
    "recall_macro": 0.8046504414603756
  },
  "test_metrics": {
    "accuracy": 0.8167888074616922,
    "f1_macro": 0.816772867602833,
    "f1_foxnews": 0.8184818481848185,
    "f1_nbc": 0.8150638870208473,
    "precision_macro": 0.8179649871145472,
    "recall_macro": 0.8184642058643425
  }
}