{
  "FoxNews": {
    "precision": 0.84672,
    "recall": 0.8621700879765396,
    "f1-score": 0.8543752018082015,
    "support": 12276.0
  },
  "NBC": {
    "precision": 0.7522693997071742,
    "recall": 0.7283810603912674,
    "f1-score": 0.7401325266493806,
    "support": 7054.0
  },
  "accuracy": 0.813347128815313,
  "macro avg": {
    "precision": 0.7994946998535871,
    "recall": 0.7952755741839035,
    "f1-score": 0.797253864228791,
    "support": 19330.0
  },
  "weighted avg": {
    "precision": 0.8122526159096951,
    "recall": 0.813347128815313,
    "f1-score": 0.8126851950533995,
    "support": 19330.0
  }
}