{
  "accuracy": 0.813347128815313,
  "f1_macro": 0.797253864228791,
  "f1_foxnews": 0.8543752018082015,
  "f1_nbc": 0.7401325266493806,
  "precision_macro": 0.7994946998535871,
  "recall_macro": 0.7952755741839035,
  "roc_auc": 0.8870372730016537
}