{
  "group": "tfidf_svm",
  "experiment_name": "G2_SVM_w12_mf20000_C1",
  "prep_col": "headline_lowercase",
  "description": "LinearSVC, word (1,2), mf=20000, C=1",
  "label_encoding": {
    "FoxNews": 0,
    "NBC": 1
  },
  "val_f1_macro": 0.7936788613721097,
  "test_metrics": {
    "accuracy": 0.813347128815313,
    "f1_macro": 0.797253864228791,
    "f1_weighted": 0.8126851950533995,
    "f1_foxnews": 0.8543752018082015,
    "f1_nbc": 0.7401325266493806,
    "precision_macro": 0.7994946998535871,
    "recall_macro": 0.7952755741839035,
    "confusion_matrix": [
      [
        10584,
        1692
      ],
      [
        1916,
        5138
      ]
    ]
  }
}