{
  "FoxNews": {
    "precision": 0.8795238552366325,
    "recall": 0.7463343108504399,
    "f1-score": 0.8074736702948045,
    "support": 12276.0
  },
  "NBC": {
    "precision": 0.6506226859643218,
    "recall": 0.8220867592855118,
    "f1-score": 0.7263731446107597,
    "support": 7054.0
  },
  "accuracy": 0.773978272115882,
  "macro avg": {
    "precision": 0.7650732706004771,
    "recall": 0.7842105350679758,
    "f1-score": 0.7669234074527822,
    "support": 19330.0
  },
  "weighted avg": {
    "precision": 0.7959920990003739,
    "recall": 0.773978272115882,
    "f1-score": 0.777878062008449,
    "support": 19330.0
  }
}