{
  "group": "tfidf_nb",
  "experiment_name": "G2_MNB_w12_mf20000_a0.1",
  "prep_col": "headline_lowercase",
  "description": "MNB alpha=0.1, word (1,2), mf=20000, norm=None",
  "label_encoding": {
    "FoxNews": 0,
    "NBC": 1
  },
  "val_f1_macro": 0.7691925097903641,
  "test_metrics": {
    "accuracy": 0.773978272115882,
    "f1_macro": 0.7669234074527822,
    "f1_weighted": 0.777878062008449,
    "f1_foxnews": 0.8074736702948045,
    "f1_nbc": 0.7263731446107597,
    "precision_macro": 0.7650732706004771,
    "recall_macro": 0.7842105350679758,
    "confusion_matrix": [
      [
        9162,
        3114
      ],
      [
        1255,
        5799
      ]
    ]
  }
}