{
  "accuracy": 0.773978272115882,
  "f1_macro": 0.7669234074527822,
  "f1_foxnews": 0.8074736702948045,
  "f1_nbc": 0.7263731446107597,
  "precision_macro": 0.7650732706004771,
  "recall_macro": 0.7842105350679758,
  "roc_auc": 0.8529969846724468
}