{
  "FoxNews": {
    "precision": 0.8548323471400394,
    "recall": 0.8826164874551972,
    "f1-score": 0.868502264438299,
    "support": 12276.0
  },
  "NBC": {
    "precision": 0.7834710743801653,
    "recall": 0.7391550893110292,
    "f1-score": 0.7606681741921365,
    "support": 7054.0
  },
  "accuracy": 0.8302638385928608,
  "macro avg": {
    "precision": 0.8191517107601023,
    "recall": 0.8108857883831132,
    "f1-score": 0.8145852193152178,
    "support": 19330.0
  },
  "weighted avg": {
    "precision": 0.8287908356010766,
    "recall": 0.8302638385928608,
    "f1-score": 0.829150910449865,
    "support": 19330.0
  }
}