{
  "accuracy": 0.8302638385928608,
  "f1_macro": 0.8145852193152178,
  "f1_foxnews": 0.868502264438299,
  "f1_nbc": 0.7606681741921365,
  "precision_macro": 0.8191517107601023,
  "recall_macro": 0.8108857883831132,
  "roc_auc": 0.9079057700670239
}