{
  "accuracy": 0.8420072426280393,
  "f1_macro": 0.8293728013623858,
  "f1_foxnews": 0.8758031720211468,
  "f1_nbc": 0.7829424307036247,
  "precision_macro": 0.8297572786136387,
  "recall_macro": 0.828996126608097,
  "roc_auc": 0.9202273727331576
}