{
  "group": "hybrid",
  "experiment_name": "HYB_word12_char36_mf5000_style_LR",
  "prep_col": "headline_minimal",
  "description": "word (1,2) + char (3, 6) + stylo (3-branch) \u2192 LR C=1",
  "label_encoding": {
    "FoxNews": 0,
    "NBC": 1
  },
  "val_f1_macro": 0.8296466733201152,
  "test_metrics": {
    "accuracy": 0.8420072426280393,
    "f1_macro": 0.8293728013623858,
    "f1_weighted": 0.8419159671968426,
    "f1_foxnews": 0.8758031720211468,
    "f1_nbc": 0.7829424307036247,
    "precision_macro": 0.8297572786136387,
    "recall_macro": 0.828996126608097,
    "confusion_matrix": [
      [
        10768,
        1508
      ],
      [
        1546,
        5508
      ]
    ]
  }
}