{
  "FoxNews": {
    "precision": 0.826231536617431,
    "recall": 0.8703160638644509,
    "f1-score": 0.8477010354266672,
    "support": 12276.0
  },
  "NBC": {
    "precision": 0.751211126738553,
    "recall": 0.6814573291749362,
    "f1-score": 0.7146361406377759,
    "support": 7054.0
  },
  "accuracy": 0.8013967925504397,
  "macro avg": {
    "precision": 0.788721331677992,
    "recall": 0.7758866965196936,
    "f1-score": 0.7811685880322216,
    "support": 19330.0
  },
  "weighted avg": {
    "precision": 0.7988547145126402,
    "recall": 0.8013967925504397,
    "f1-score": 0.7991423304167945,
    "support": 19330.0
  }
}