{
  "accuracy": 0.8013967925504397,
  "f1_macro": 0.7811685880322216,
  "f1_foxnews": 0.8477010354266672,
  "f1_nbc": 0.7146361406377759,
  "precision_macro": 0.788721331677992,
  "recall_macro": 0.7758866965196936,
  "roc_auc": 0.8778656998106956
}