{
  "FoxNews": {
    "precision": 0.8122348549126082,
    "recall": 0.7798142717497556,
    "f1-score": 0.7956944559886958,
    "support": 12276.0
  },
  "NBC": {
    "precision": 0.6417020148462355,
    "recall": 0.6862772894811454,
    "f1-score": 0.6632415399369777,
    "support": 7054.0
  },
  "accuracy": 0.7456802897051216,
  "macro avg": {
    "precision": 0.7269684348794219,
    "recall": 0.7330457806154504,
    "f1-score": 0.7294679979628367,
    "support": 19330.0
  },
  "weighted avg": {
    "precision": 0.7500031604569334,
    "recall": 0.7456802897051216,
    "f1-score": 0.7473590773115711,
    "support": 19330.0
  }
}