{
  "accuracy": 0.7456802897051216,
  "f1_macro": 0.7294679979628367,
  "f1_foxnews": 0.7956944559886958,
  "f1_nbc": 0.6632415399369777,
  "precision_macro": 0.7269684348794219,
  "recall_macro": 0.7330457806154504,
  "roc_auc": 0.8228641260460314
}