{
  "FoxNews": {
    "precision": 0.7216939780160496,
    "recall": 0.871782339524275,
    "f1-score": 0.7896698026194429,
    "support": 12276.0
  },
  "NBC": {
    "precision": 0.6502999333481448,
    "recall": 0.41494187694924867,
    "f1-score": 0.5066205106014712,
    "support": 7054.0
  },
  "accuracy": 0.705069839627522,
  "macro avg": {
    "precision": 0.6859969556820973,
    "recall": 0.6433621082367618,
    "f1-score": 0.648145156610457,
    "support": 19330.0
  },
  "weighted avg": {
    "precision": 0.6956405071889725,
    "recall": 0.705069839627522,
    "f1-score": 0.6863780433905359,
    "support": 19330.0
  }
}