{
  "accuracy": 0.705069839627522,
  "f1_macro": 0.648145156610457,
  "f1_foxnews": 0.7896698026194429,
  "f1_nbc": 0.5066205106014712,
  "precision_macro": 0.6859969556820973,
  "recall_macro": 0.6433621082367618,
  "roc_auc": 0.7194483638436736
}