{
  "experiment_name": "HYB_word12_char36_mf5000_style_LR",
  "group": "G6_hybrid",
  "prep_col": "headline_minimal",
  "description": "word (1,2) + char (3, 6) + stylo (3-branch) \u2192 LR C=1",
  "estimator_type": "Pipeline",
  "estimator_repr": "Pipeline(steps=[('features',\n                 FeatureUnion(transformer_list=[('word_tfidf',\n                                                 TfidfVectorizer(max_features=5000,\n                                                                 ngram_range=(1,\n                                                                              2),\n                                                                 stop_words='english',\n                                                                 sublinear_tf=True)),\n                                                ('char_tfidf',\n                         ",
  "label_encoding": {
    "FoxNews": 0,
    "NBC": 1
  },
  "train_date": "2026-05-05",
  "train_size": 109531,
  "test_size": 19330,
  "val_metrics": {
    "val_f1_macro": 0.8287222868647703,
    "val_accuracy": 0.8420508044906617,
    "val_f1_fox": 0.8765017596375552,
    "val_f1_nbc": 0.7809428140919854
  },
  "test_metrics": {
    "accuracy": 0.8418003103983446,
    "f1_macro": 0.8292115664584064,
    "f1_weighted": 0.8417379423833983,
    "f1_foxnews": 0.8755797868012043,
    "f1_nbc": 0.7828433461156086,
    "precision_macro": 0.82947296676221,
    "recall_macro": 0.8289538146494164
  }
}