{
  "model": "modernbert_base",
  "hf_model_id": "answerdotai/ModernBERT-base",
  "text_column": "headline_minimal",
  "max_len": 64,
  "epochs": 3,
  "batch_size": 32,
  "lr": 2e-05,
  "weight_decay": 0.01,
  "warmup_ratio": 0.06,
  "device": "mps",
  "bf16": false,
  "seed": 42,
  "label_encoding": {
    "FoxNews": 0,
    "NBC": 1
  },
  "train_size": 90202,
  "val_size": 19329,
  "test_size": 19330,
  "train_runtime_s": 2002.3419,
  "best_metric": 0.8917580533058493,
  "val_metrics": {
    "split": "val",
    "size": 19329,
    "accuracy": 0.8999948264266129,
    "f1_macro": 0.8917580533058493,
    "f1_weighted": 0.8998264452806708,
    "f1_foxnews": 0.9216171282591947,
    "f1_nbc": 0.8618989783525041,
    "precision_macro": 0.8931125804405136,
    "recall_macro": 0.8904738026662808,
    "confusion_matrix": [
      [
        11364,
        912
      ],
      [
        1021,
        6032
      ]
    ],
    "classification_report": {
      "FoxNews": {
        "precision": 0.9175615664109811,
        "recall": 0.9257086999022482,
        "f1-score": 0.9216171282591947,
        "support": 12276.0
      },
      "NBC": {
        "precision": 0.868663594470046,
        "recall": 0.8552389054303133,
        "f1-score": 0.8618989783525041,
        "support": 7053.0
      },
      "accuracy": 0.8999948264266129,
      "macro avg": {
        "precision": 0.8931125804405136,
        "recall": 0.8904738026662808,
        "f1-score": 0.8917580533058493,
        "support": 19329.0
      },
      "weighted avg": {
        "precision": 0.8997190812281254,
        "recall": 0.8999948264266129,
        "f1-score": 0.8998264452806708,
        "support": 19329.0
      }
    }
  }
}