{
  "model": "modernbert_base",
  "hf_model_id": "answerdotai/ModernBERT-base",
  "text_column": "headline_minimal",
  "max_len": 64,
  "epochs": 3,
  "batch_size": 32,
  "lr": 2e-05,
  "weight_decay": 0.01,
  "warmup_ratio": 0.06,
  "device": "cuda",
  "bf16": true,
  "seed": 42,
  "label_encoding": {
    "FoxNews": 0,
    "NBC": 1
  },
  "train_size": 13996,
  "val_size": 3000,
  "test_size": 3000,
  "train_runtime_s": 222.83,
  "best_metric": 0.8217542127706251,
  "val_metrics": {
    "split": "val",
    "size": 3000,
    "accuracy": 0.8223333333333334,
    "f1_macro": 0.8217542127706251,
    "f1_weighted": 0.8222757599440583,
    "f1_foxnews": 0.8319142226426994,
    "f1_nbc": 0.8115942028985508,
    "precision_macro": 0.8219893769487641,
    "recall_macro": 0.8215722675441195,
    "confusion_matrix": [
      [
        1319,
        258
      ],
      [
        275,
        1148
      ]
    ],
    "classification_report": {
      "FoxNews": {
        "precision": 0.8274780426599749,
        "recall": 0.8363982244768547,
        "f1-score": 0.8319142226426994,
        "support": 1577.0
      },
      "NBC": {
        "precision": 0.8165007112375533,
        "recall": 0.8067463106113844,
        "f1-score": 0.8115942028985508,
        "support": 1423.0
      },
      "accuracy": 0.8223333333333334,
      "macro avg": {
        "precision": 0.8219893769487641,
        "recall": 0.8215722675441195,
        "f1-score": 0.8217542127706251,
        "support": 3000.0
      },
      "weighted avg": {
        "precision": 0.822271128455273,
        "recall": 0.8223333333333334,
        "f1-score": 0.8222757599440583,
        "support": 3000.0
      }
    }
  }
}