{
  "group": "tfidf_logreg",
  "experiment_name": "G4_LR_w12_mf5000_prep_nostop",
  "prep_col": "headline_nostop",
  "description": "word (1,2), mf=5000, C=1, prep=nostop",
  "label_encoding": {
    "FoxNews": 0,
    "NBC": 1
  },
  "val_f1_macro": 0.7436374666907668,
  "test_metrics": {
    "accuracy": 0.7581612258494337,
    "f1_macro": 0.7562763438700613,
    "f1_weighted": 0.7573758583580287,
    "f1_foxnews": 0.7777097366809553,
    "f1_nbc": 0.7348429510591673,
    "precision_macro": 0.7589854429512288,
    "recall_macro": 0.7556384486122385,
    "confusion_matrix": [
      [
        635,
        154
      ],
      [
        209,
        503
      ]
    ]
  }
}