{
  "group": "tfidf_nb",
  "experiment_name": "G4_MNB_w12_mf5000_prep_lemma",
  "prep_col": "headline_lemma",
  "description": "MNB alpha=0.1, word (1,2), mf=5000, prep=lemma",
  "label_encoding": {
    "FoxNews": 0,
    "NBC": 1
  },
  "val_f1_macro": 0.7288995726495726,
  "test_metrics": {
    "accuracy": 0.7361758827448368,
    "f1_macro": 0.734975922953451,
    "f1_weighted": 0.7358907437845075,
    "f1_foxnews": 0.7528089887640449,
    "f1_nbc": 0.7171428571428572,
    "precision_macro": 0.7356742898824337,
    "recall_macro": 0.7346573674541803,
    "confusion_matrix": [
      [
        603,
        186
      ],
      [
        210,
        502
      ]
    ]
  }
}