{
  "group": "voting_ensemble",
  "experiment_name": "Vote_3way_word_char_style",
  "prep_col": "headline_minimal",
  "description": "Soft voting 3-way (minimal input): word LR + char LR + stylometric LR",
  "label_encoding": {
    "FoxNews": 0,
    "NBC": 1
  },
  "val_f1_macro": 0.7680652518721728,
  "test_metrics": {
    "accuracy": 0.7974683544303798,
    "f1_macro": 0.7958656330749354,
    "f1_weighted": 0.7967935243859822,
    "f1_foxnews": 0.813953488372093,
    "f1_nbc": 0.7777777777777778,
    "precision_macro": 0.7989789291384038,
    "recall_macro": 0.7950150239956708,
    "confusion_matrix": [
      [
        665,
        124
      ],
      [
        180,
        532
      ]
    ]
  }
}